Bet_time,Gamb_id,Rec_id,Which_side,Amount,Status
2012-09-16 11:06:21,G000000009,R000000030,Away,6062.11,Completed
2012-09-17 18:52:42,G000000007,R000000034,Home,2724.11,Completed
2012-09-18 23:25:16,G000000005,R000000010,Home,8262.44,Completed
2012-09-21 20:33:51,G000000009,R000000064,Away,8305.62,Completed
2012-09-22 00:03:02,G000000008,R000000022,Home,8667.04,Completed
2012-09-24 15:55:47,G000000002,R000000049,Away,4221.99,Completed
2012-09-29 09:32:30,G000000009,R000000001,Away,8161.99,Completed
2012-10-25 13:13:51,G000000008,R000000075,Away,568.88,Completed
2013-04-11 17:28:43,G000000006,R000000096,Away,4571.78,Completed
2013-04-16 17:44:29,G000000010,R000000113,Home,1902.35,Completed
2013-04-17 00:15:56,G000000005,R000000100,Away,3023.45,Completed
2013-04-24 17:47:13,G000000006,R000000115,Away,2835.57,Completed
2013-04-26 20:49:38,G000000003,R000000123,Home,366.79,Completed
2013-09-22 21:44:34,G000000002,R000000165,Away,37.55,Completed
2013-09-23 06:07:59,G000000008,R000000150,Away,6530.51,Completed
2013-09-24 06:39:06,G000000010,R000000190,Away,1874.29,Completed
2013-09-24 12:49:07,G000000008,R000000151,Home,9842.24,Completed
2013-09-28 12:55:51,G000000004,R000000165,Away,4562.52,Completed
2013-10-02 15:53:54,G000000004,R000000149,Home,3458.56,Completed
2013-10-06 05:07:41,G000000010,R000000245,Home,6600.24,Completed
2013-10-06 09:36:32,G000000006,R000000142,Away,5168.06,Completed
2013-10-07 02:18:14,G000000005,R000000179,Home,1258.26,Completed
2013-10-13 12:01:16,G000000004,R000000246,Away,3256.96,Completed
2013-10-13 14:20:10,G000000003,R000000244,Away,2803.96,Completed
2013-10-13 18:06:59,G000000010,R000000207,Home,6796.78,Completed
2013-10-16 22:59:14,G000000004,R000000288,Away,4965.27,Completed
2013-10-21 21:08:33,G000000008,R000000227,Home,9122.86,Completed
2013-10-25 12:17:48,G000000009,R000000289,Home,1425.9,Completed
2013-10-27 00:59:59,G000000001,R000000236,Away,3452.34,Completed
2013-10-31 03:29:56,G000000002,R000000307,Home,4883.31,Completed
2013-11-01 05:49:30,G000000003,R000000323,Away,7885.07,Completed
2013-11-03 06:06:26,G000000002,R000000246,Away,6525.9,Completed
2013-11-03 08:11:09,G000000001,R000000394,Home,5427.9,Completed
2013-11-05 20:41:09,G000000006,R000000322,Home,9490.95,Completed
2013-11-05 22:22:53,G000000005,R000000412,Away,3293.11,Completed
2013-11-07 08:04:57,G000000008,R000000352,Home,8669.28,Completed
2013-11-09 06:55:10,G000000005,R000000356,Away,3115.08,Completed
2013-11-09 15:49:14,G000000010,R000000301,Home,2446.28,Completed
2013-11-10 23:30:15,G000000006,R000000368,Home,1319.08,Completed
2013-11-17 10:29:04,G000000005,R000000476,Away,3179.45,Completed
2013-11-21 04:43:41,G000000003,R000000347,Home,5677.77,Completed
2013-11-21 11:50:28,G000000003,R000000423,Home,5178.28,Completed
2013-11-21 21:07:42,G000000010,R000000368,Away,9190.01,Completed
2013-11-22 02:42:17,G000000001,R000000360,Away,5355.65,Completed
2013-11-26 21:56:34,G000000007,R000000487,Home,4054.44,Completed
2013-11-30 10:06:10,G000000003,R000000485,Away,7685.58,Completed
2013-12-04 00:59:53,G000000001,R000000544,Away,4760.87,Completed
2013-12-04 04:35:49,G000000008,R000000484,Home,5709.46,Completed
2013-12-07 10:39:56,G000000004,R000000438,Home,3512.04,Completed
2013-12-10 15:39:50,G000000004,R000000449,Home,8443.91,Completed
2013-12-14 16:34:03,G000000003,R000000528,Home,1320.58,Completed
2013-12-16 11:49:00,G000000003,R000000596,Home,1698.75,Completed
2013-12-17 17:03:42,G000000003,R000000494,Away,6407.35,Completed
2013-12-20 22:01:46,G000000007,R000000517,Home,3160.39,Completed
2013-12-21 15:17:36,G000000004,R000000638,Away,4483.24,Completed
2013-12-24 10:27:55,G000000007,R000000555,Home,3219.74,Completed
2013-12-24 16:12:13,G000000005,R000000583,Away,3878.34,Completed
2013-12-29 11:09:54,G000000002,R000000542,Away,2349.69,Completed
2013-12-30 03:41:27,G000000001,R000000652,Home,9020.69,Completed
2014-01-06 00:02:21,G000000005,R000000634,Away,1693.15,Completed
2014-01-10 18:50:11,G000000002,R000000623,Home,2265.3,Completed
2014-01-14 14:12:17,G000000004,R000000748,Home,1212.72,Completed
2014-01-14 19:48:19,G000000005,R000000680,Home,4301.01,Completed
2014-01-15 00:43:15,G000000009,R000000724,Away,5932.48,Completed
2014-01-18 07:05:40,G000000003,R000000697,Away,7284.1,Completed
2014-01-18 15:08:41,G000000005,R000000735,Home,8624.24,Completed
2014-01-18 20:27:07,G000000003,R000000708,Home,1853.64,Completed
2014-01-22 21:44:47,G000000004,R000000702,Home,9506.36,Completed
2014-01-25 18:23:54,G000000006,R000000757,Away,7650.42,Completed
2014-01-28 17:39:22,G000000003,R000000713,Away,5717.74,Completed
2014-01-31 07:32:52,G000000002,R000000722,Away,6840.22,Completed
2014-02-05 01:49:01,G000000002,R000000862,Away,7140.08,Completed
2014-02-08 02:38:50,G000000002,R000000827,Home,6474.97,Completed
2014-02-08 08:19:43,G000000009,R000000834,Home,965.31,Completed
2014-02-09 00:46:35,G000000007,R000000787,Away,2441.04,Completed
2014-02-20 10:51:45,G000000006,R000000918,Home,3803.21,Completed
2014-02-24 04:36:38,G000000007,R000000966,Home,3924.23,Completed
2014-02-25 19:07:43,G000000005,R000000886,Home,2476.26,Completed
2014-02-26 01:26:28,G000000003,R000000884,Home,4128.17,Completed
2014-02-26 13:37:12,G000000010,R000000887,Home,4171.11,Completed
2014-03-02 20:48:54,G000000005,R000000862,Home,6737.0,Completed
2014-03-05 06:24:05,G000000004,R000000943,Home,4839.22,Completed
2014-03-05 15:45:44,G000000005,R000000989,Away,4132.43,Completed
2014-03-06 00:14:53,G000000002,R000000900,Away,5392.65,Completed
2014-03-10 17:25:04,G000000007,R000000989,Home,3915.92,Completed
2014-03-12 20:33:13,G000000004,R000000919,Home,2859.2,Completed
2014-03-13 00:06:40,G000000010,R000000905,Away,1548.15,Completed
2014-03-13 13:33:28,G000000006,R000001036,Away,1133.8,Completed
2014-03-14 22:25:02,G000000008,R000001021,Home,1722.16,Completed
2014-03-18 21:38:47,G000000009,R000001025,Away,7880.56,Completed
2014-03-20 20:52:08,G000000005,R000001057,Away,1324.64,Completed
2014-03-22 00:52:06,G000000005,R000001051,Home,1625.12,Completed
2014-03-23 11:08:54,G000000009,R000000954,Away,620.89,Completed
2014-03-30 11:31:33,G000000006,R000001004,Home,9641.8,Completed
2014-03-30 16:17:54,G000000008,R000001064,Away,3221.52,Completed
2014-03-30 21:19:03,G000000006,R000001038,Away,153.31,Completed
2014-04-07 08:25:00,G000000003,R000001056,Away,4799.74,Completed
2014-04-07 19:16:54,G000000010,R000001057,Away,9432.43,Completed
2014-04-16 03:45:53,G000000009,R000001092,Home,1739.81,Completed
2014-04-20 08:17:14,G000000003,R000001119,Away,487.15,Completed
2014-04-24 04:50:55,G000000001,R000001091,Away,3095.22,Completed
2014-04-28 02:26:03,G000000005,R000001135,Away,9403.57,Completed
2014-04-30 23:39:09,G000000003,R000001113,Home,6335.58,Completed
2014-05-02 01:40:39,G000000004,R000001139,Away,6083.15,Completed
2014-05-27 08:04:09,G000000010,R000001151,Away,2079.24,Completed
2014-09-16 18:40:03,G000000007,R000001164,Home,2674.36,Completed
2014-09-23 01:34:34,G000000002,R000001167,Away,6784.03,Completed
2014-09-24 03:51:01,G000000007,R000001153,Away,2173.72,Completed
2014-10-02 13:14:26,G000000008,R000001241,Home,7522.62,Completed
2014-10-03 02:30:28,G000000008,R000001185,Away,8232.24,Completed
2014-10-03 14:22:55,G000000008,R000001237,Away,6185.0,Completed
2014-10-03 19:26:58,G000000002,R000001211,Home,9496.58,Completed
2014-10-07 08:57:27,G000000009,R000001210,Home,864.01,Completed
2014-10-13 08:26:13,G000000009,R000001206,Away,5537.53,Completed
2014-10-13 17:02:42,G000000009,R000001207,Home,1221.8,Completed
2014-10-16 19:35:15,G000000006,R000001286,Home,1694.66,Completed
2014-10-22 02:29:46,G000000002,R000001272,Home,4840.93,Completed
2014-10-24 11:28:32,G000000003,R000001317,Away,1857.82,Completed
2014-10-25 07:35:33,G000000007,R000001291,Home,2584.19,Completed
2014-10-30 21:32:58,G000000002,R000001369,Away,6336.11,Completed
2014-10-31 15:35:17,G000000001,R000001369,Home,9140.31,Completed
2014-11-01 12:43:41,G000000007,R000001302,Away,5547.28,Completed
2014-11-03 12:04:29,G000000010,R000001331,Away,4000.91,Completed
2014-11-04 14:21:47,G000000008,R000001375,Home,5298.6,Completed
2014-11-05 22:31:14,G000000002,R000001314,Away,3999.28,Completed
2014-11-07 04:51:05,G000000003,R000001404,Home,6993.01,Completed
2014-11-12 09:14:28,G000000008,R000001439,Home,8064.58,Completed
2014-11-12 11:46:28,G000000007,R000001418,Away,7303.81,Completed
2014-11-12 12:10:12,G000000004,R000001387,Away,4490.95,Completed
2014-11-12 18:57:01,G000000002,R000001320,Away,9936.99,Completed
2014-11-15 19:25:14,G000000004,R000001352,Home,3769.78,Completed
2014-11-17 00:54:01,G000000008,R000001423,Away,2228.3,Completed
2014-11-20 21:15:12,G000000009,R000001444,Away,989.36,Completed
2014-11-20 23:07:19,G000000007,R000001460,Home,6127.34,Completed
2014-11-21 22:30:13,G000000007,R000001471,Home,2236.37,Completed
2014-11-24 07:15:06,G000000007,R000001485,Away,1166.18,Completed
2014-11-24 08:17:55,G000000006,R000001536,Home,8582.1,Completed
2014-11-25 21:14:13,G000000006,R000001491,Home,6435.22,Completed
2014-11-27 05:38:20,G000000001,R000001452,Away,352.62,Completed
2014-11-27 13:32:21,G000000001,R000001571,Home,995.79,Completed
2014-11-30 00:20:32,G000000009,R000001566,Home,5091.99,Completed
2014-12-01 06:02:56,G000000004,R000001452,Home,2902.67,Completed
2014-12-06 16:28:56,G000000001,R000001606,Away,930.76,Completed
2014-12-07 08:28:27,G000000004,R000001605,Away,8755.8,Completed
2014-12-09 12:25:38,G000000002,R000001472,Away,5542.92,Completed
2014-12-10 20:47:19,G000000009,R000001523,Home,7632.92,Completed
2014-12-14 21:26:01,G000000005,R000001626,Away,8472.27,Completed
2014-12-15 11:46:17,G000000001,R000001587,Away,7961.63,Completed
2014-12-17 05:55:36,G000000010,R000001599,Home,4339.89,Completed
2014-12-23 02:09:33,G000000004,R000001655,Away,8737.39,Completed
2014-12-24 19:49:43,G000000008,R000001605,Away,7624.86,Completed
2014-12-26 00:41:15,G000000007,R000001591,Home,5460.07,Completed
2015-01-01 22:24:38,G000000004,R000001675,Away,3510.17,Completed
2015-01-03 03:12:54,G000000002,R000001654,Away,5793.99,Completed
2015-01-06 04:24:54,G000000009,R000001725,Home,8772.67,Completed
2015-01-07 23:37:18,G000000009,R000001779,Home,5107.62,Completed
2015-01-09 09:49:42,G000000005,R000001751,Away,4467.28,Completed
2015-01-10 06:31:05,G000000009,R000001666,Away,8119.35,Completed
2015-01-10 12:58:49,G000000008,R000001659,Home,5711.5,Completed
2015-01-12 06:07:32,G000000009,R000001795,Home,4333.0,Completed
2015-01-13 04:55:44,G000000007,R000001694,Home,2645.42,Completed
2015-01-14 16:16:16,G000000002,R000001679,Home,9448.16,Completed
2015-01-17 01:44:32,G000000010,R000001788,Home,4374.33,Completed
2015-01-18 20:21:02,G000000009,R000001773,Home,3098.85,Completed
2015-01-19 11:33:46,G000000001,R000001803,Away,2005.43,Completed
2015-01-22 10:21:37,G000000002,R000001792,Away,299.26,Completed
2015-01-23 10:29:01,G000000007,R000001767,Home,3934.75,Completed
2015-01-27 08:57:41,G000000001,R000001806,Home,6792.24,Completed
2015-01-27 18:57:48,G000000002,R000001846,Home,1807.3,Completed
2015-01-27 19:55:00,G000000001,R000001851,Home,5880.92,Completed
2015-01-28 07:12:29,G000000003,R000001870,Away,5323.79,Completed
2015-01-29 05:58:44,G000000009,R000001812,Away,584.93,Completed
2015-01-29 12:15:14,G000000006,R000001761,Away,6101.89,Completed
2015-01-29 22:36:20,G000000007,R000001767,Away,4790.17,Completed
2015-02-01 07:08:49,G000000008,R000001838,Home,6824.62,Completed
2015-02-05 11:47:44,G000000006,R000001875,Home,8710.69,Completed
2015-02-10 13:37:23,G000000001,R000001936,Home,3751.32,Completed
2015-02-12 07:41:35,G000000002,R000001885,Away,2408.98,Completed
2015-02-14 09:30:44,G000000007,R000001898,Home,4256.5,Completed
2015-02-15 05:06:20,G000000002,R000001976,Away,4402.62,Completed
2015-02-17 11:07:26,G000000007,R000001986,Home,4315.67,Completed
2015-02-17 18:59:17,G000000008,R000001939,Away,6994.28,Completed
2015-02-18 16:26:32,G000000005,R000001916,Home,5176.47,Completed
2015-02-21 04:02:22,G000000009,R000002002,Away,1974.99,Completed
2015-02-21 11:53:53,G000000008,R000001885,Home,4622.9,Completed
2015-02-23 15:44:19,G000000007,R000002029,Home,7983.01,Completed
2015-02-24 08:58:12,G000000004,R000001901,Away,4790.87,Completed
2015-02-25 23:52:29,G000000009,R000001994,Home,7157.26,Completed
2015-02-28 21:54:14,G000000006,R000001938,Away,234.22,Completed
2015-03-06 05:25:18,G000000007,R000001988,Away,8043.66,Completed
2015-03-06 16:48:09,G000000006,R000001935,Away,979.03,Completed
2015-03-07 10:31:13,G000000004,R000002018,Home,3225.01,Completed
2015-03-10 18:27:04,G000000003,R000001950,Home,9439.35,Completed
2015-03-11 20:46:07,G000000002,R000002026,Away,1136.4,Completed
2015-03-16 07:44:29,G000000009,R000002093,Away,2733.64,Completed
2015-03-17 10:09:31,G000000007,R000002007,Home,7292.82,Completed
2015-03-19 02:10:56,G000000009,R000002030,Away,8984.78,Completed
2015-03-19 06:21:36,G000000004,R000002131,Away,7792.86,Completed
2015-03-20 02:06:19,G000000006,R000002014,Away,2736.52,Completed
2015-03-20 03:20:54,G000000004,R000002071,Home,340.83,Completed
2015-03-21 06:06:06,G000000010,R000002043,Home,4276.2,Completed
2015-03-23 15:31:49,G000000001,R000002089,Away,6833.34,Completed
2015-03-26 07:21:45,G000000009,R000002132,Home,3868.66,Completed
2015-03-26 21:22:47,G000000006,R000002118,Home,300.43,Completed
2015-03-27 10:48:00,G000000007,R000002116,Home,3377.74,Completed
2015-03-29 04:07:17,G000000001,R000002099,Home,4763.6,Completed
2015-04-01 10:37:46,G000000009,R000002097,Away,7253.36,Completed
2015-04-01 19:07:28,G000000001,R000002086,Away,6614.49,Completed
2015-04-06 06:32:58,G000000003,R000002175,Away,2977.61,Completed
2015-04-12 15:28:17,G000000008,R000002152,Away,8801.38,Completed
2015-04-17 13:35:42,G000000009,R000002211,Away,4524.45,Completed
2015-05-05 18:10:22,G000000004,R000002217,Home,6859.76,Completed
2015-05-14 09:54:58,G000000001,R000002234,Home,6302.39,Completed
2015-09-07 03:50:07,G000000007,R000002248,Away,8448.33,Completed
2015-09-08 12:42:12,G000000003,R000002247,Home,3674.46,Completed
2015-09-27 01:56:54,G000000006,R000002306,Home,3342.62,Completed
2015-09-28 04:44:56,G000000005,R000002275,Home,680.45,Completed
2015-09-28 20:29:20,G000000009,R000002270,Home,9682.61,Completed
2015-09-28 21:35:24,G000000002,R000002280,Home,7710.85,Completed
2015-10-04 05:04:01,G000000007,R000002318,Home,3126.17,Completed
2015-10-10 09:19:57,G000000007,R000002315,Home,7236.88,Completed
2015-10-16 03:31:49,G000000004,R000002312,Away,9885.35,Completed
2015-10-17 03:08:22,G000000008,R000002378,Away,3314.56,Completed
2015-10-19 01:32:24,G000000007,R000002404,Away,9886.13,Completed
2015-10-24 19:02:29,G000000003,R000002337,Home,5544.97,Completed
2015-10-28 05:14:47,G000000006,R000002469,Away,549.21,Completed
2015-10-30 13:24:20,G000000002,R000002411,Away,5100.19,Completed
2015-11-01 13:18:31,G000000002,R000002415,Away,7050.47,Completed
2015-11-05 07:39:38,G000000007,R000002408,Home,95.9,Completed
2015-11-09 08:43:29,G000000009,R000002391,Away,4693.83,Completed
2015-11-12 01:33:12,G000000007,R000002550,Home,2339.78,Completed
2015-11-16 03:41:31,G000000008,R000002438,Away,2891.03,Completed
2015-11-17 03:23:49,G000000010,R000002562,Home,3101.98,Completed
2015-11-22 14:12:43,G000000004,R000002587,Home,3025.95,Completed
2015-11-25 12:15:51,G000000010,R000002510,Home,3385.59,Completed
2015-11-26 07:51:57,G000000007,R000002598,Home,9720.12,Completed
2015-11-27 09:47:53,G000000010,R000002555,Away,4572.92,Completed
2015-11-28 00:12:03,G000000003,R000002611,Home,6118.41,Completed
2015-12-04 14:45:47,G000000007,R000002625,Home,4478.32,Completed
2015-12-05 21:14:14,G000000003,R000002587,Away,2059.66,Completed
2015-12-06 04:03:47,G000000001,R000002563,Home,5171.43,Completed
2015-12-08 14:56:58,G000000009,R000002638,Home,5894.5,Completed
2015-12-09 22:52:37,G000000010,R000002684,Away,4551.47,Completed
2015-12-09 23:32:07,G000000005,R000002610,Away,2742.44,Completed
2015-12-14 21:34:52,G000000010,R000002648,Away,9525.82,Completed
2015-12-16 16:55:54,G000000003,R000002657,Home,6724.95,Completed
2015-12-18 13:35:48,G000000009,R000002684,Home,8747.7,Completed
2015-12-18 19:09:04,G000000002,R000002636,Away,4712.16,Completed
2015-12-19 20:52:43,G000000003,R000002656,Home,4330.99,Completed
2015-12-20 18:21:40,G000000004,R000002714,Away,4449.64,Completed
2015-12-21 04:59:28,G000000005,R000002617,Away,1808.55,Completed
2015-12-22 05:27:30,G000000009,R000002617,Away,2895.68,Completed
2015-12-22 21:46:30,G000000002,R000002749,Away,9450.93,Completed
2015-12-23 19:09:06,G000000002,R000002676,Away,7672.94,Completed
2015-12-23 23:35:35,G000000002,R000002631,Away,780.99,Completed
2015-12-24 09:38:43,G000000007,R000002630,Away,8517.86,Completed
2015-12-24 14:53:16,G000000010,R000002746,Home,6908.68,Completed
2015-12-24 23:11:10,G000000002,R000002652,Away,9153.85,Completed
2015-12-27 21:07:20,G000000006,R000002745,Home,8725.32,Completed
2016-01-04 01:43:15,G000000009,R000002756,Away,3688.49,Completed
2016-01-05 04:46:52,G000000006,R000002759,Home,3464.68,Completed
2016-01-07 09:33:42,G000000002,R000002744,Away,8939.0,Completed
2016-01-09 18:42:30,G000000008,R000002771,Home,2067.85,Completed
2016-01-10 15:46:34,G000000006,R000002798,Home,6209.62,Completed
2016-01-11 03:06:40,G000000003,R000002842,Home,324.79,Completed
2016-01-11 04:18:00,G000000009,R000002825,Home,3730.32,Completed
2016-01-12 04:27:37,G000000006,R000002883,Home,7299.19,Completed
2016-01-13 12:07:53,G000000001,R000002884,Home,4841.33,Completed
2016-01-20 10:10:27,G000000010,R000002857,Home,4624.18,Completed
2016-01-21 05:23:45,G000000007,R000002838,Home,3559.7,Completed
2016-01-22 12:22:45,G000000004,R000002815,Away,1632.43,Completed
2016-01-23 15:24:59,G000000005,R000002860,Home,3447.99,Completed
2016-01-24 00:45:46,G000000010,R000002795,Away,9639.99,Completed
2016-02-01 06:42:33,G000000004,R000002939,Away,5786.16,Completed
2016-02-04 12:34:57,G000000008,R000002859,Home,6305.96,Completed
2016-02-06 02:47:26,G000000003,R000002899,Away,7931.58,Completed
2016-02-08 00:27:32,G000000010,R000002931,Home,6356.83,Completed
2016-02-11 20:35:56,G000000010,R000002943,Away,4803.15,Completed
2016-02-13 10:31:58,G000000001,R000003021,Away,469.42,Completed
2016-02-16 07:25:26,G000000002,R000003035,Away,9640.78,Completed
2016-02-17 07:39:21,G000000006,R000002947,Home,344.64,Completed
2016-02-20 23:22:11,G000000002,R000002964,Away,8241.98,Completed
2016-02-25 00:12:25,G000000007,R000003028,Away,8824.32,Completed
2016-02-26 20:02:52,G000000007,R000003063,Home,9907.92,Completed
2016-03-01 06:17:46,G000000006,R000003027,Away,4713.45,Completed
2016-03-01 10:18:58,G000000001,R000003021,Away,8304.9,Completed
2016-03-03 18:51:37,G000000002,R000003105,Home,7669.95,Completed
2016-03-03 22:48:34,G000000009,R000003012,Home,1809.03,Completed
2016-03-04 16:22:34,G000000002,R000003057,Home,4370.2,Completed
2016-03-06 07:04:28,G000000004,R000003027,Home,4408.97,Completed
2016-03-06 08:21:30,G000000004,R000003111,Away,3842.23,Completed
2016-03-06 14:08:17,G000000003,R000002990,Away,3880.68,Completed
2016-03-11 10:33:56,G000000001,R000003063,Away,2809.39,Completed
2016-03-16 08:40:28,G000000010,R000003103,Away,2586.14,Completed
2016-03-17 04:14:56,G000000001,R000003092,Home,1287.13,Completed
2016-03-17 14:22:19,G000000010,R000003162,Home,4290.96,Completed
2016-03-18 20:30:48,G000000009,R000003126,Home,787.86,Completed
2016-03-25 11:49:33,G000000007,R000003140,Away,7445.58,Completed
2016-03-25 22:09:39,G000000004,R000003135,Away,5838.97,Completed
2016-03-26 13:37:01,G000000010,R000003154,Away,4371.51,Completed
2016-03-28 03:08:42,G000000008,R000003099,Away,9448.11,Completed
2016-03-28 14:57:45,G000000001,R000003146,Away,3273.67,Completed
2016-03-29 05:36:47,G000000004,R000003119,Home,6193.65,Completed
2016-03-31 21:31:25,G000000008,R000003191,Away,9322.66,Completed
2016-04-07 04:11:22,G000000010,R000003149,Home,4935.85,Completed
2016-04-11 11:13:03,G000000002,R000003177,Away,9405.7,Completed
2016-04-29 06:26:49,G000000003,R000003206,Home,9744.49,Completed
2016-05-05 23:07:38,G000000010,R000003207,Away,3748.13,Completed
2016-09-14 18:52:50,G000000001,R000003225,Home,7537.6,Completed
2016-09-27 17:15:45,G000000008,R000003224,Home,9091.08,Completed
2016-10-01 00:45:39,G000000003,R000003297,Away,3712.06,Completed
2016-10-01 13:58:59,G000000010,R000003238,Away,1460.7,Completed
2016-10-04 14:20:59,G000000006,R000003277,Away,456.0,Completed
2016-10-05 15:33:21,G000000003,R000003309,Home,9412.59,Completed
2016-10-09 06:18:19,G000000004,R000003299,Home,3159.14,Completed
2016-10-14 23:51:58,G000000009,R000003293,Home,6644.14,Completed
2016-10-22 19:36:11,G000000002,R000003370,Away,9226.44,Completed
2016-10-23 18:16:19,G000000004,R000003366,Away,4158.63,Completed
2016-10-24 04:14:32,G000000006,R000003341,Home,3307.85,Completed
2016-10-25 08:45:40,G000000009,R000003360,Home,7204.46,Completed
2016-10-26 05:34:17,G000000001,R000003313,Home,1473.91,Completed
2016-10-26 20:01:30,G000000003,R000003428,Away,2002.84,Completed
2016-10-28 07:08:34,G000000010,R000003410,Away,648.01,Completed
2016-10-29 04:11:08,G000000004,R000003345,Home,3391.86,Completed
2016-10-31 11:32:16,G000000005,R000003349,Away,4751.9,Completed
2016-11-01 15:01:15,G000000005,R000003411,Home,2995.8,Completed
2016-11-02 13:41:48,G000000008,R000003493,Away,3080.62,Completed
2016-11-03 05:07:22,G000000001,R000003466,Home,9308.83,Completed
2016-11-03 21:58:14,G000000010,R000003482,Away,1071.66,Completed
2016-11-04 15:34:06,G000000005,R000003424,Home,2036.64,Completed
2016-11-07 01:28:51,G000000002,R000003404,Home,7602.72,Completed
2016-11-08 04:34:17,G000000003,R000003402,Away,1168.61,Completed
2016-11-08 16:00:57,G000000005,R000003423,Home,9759.42,Completed
2016-11-10 00:08:21,G000000010,R000003509,Home,5658.08,Completed
2016-11-10 10:07:07,G000000010,R000003377,Away,9152.58,Completed
2016-11-13 12:12:59,G000000006,R000003526,Away,5985.95,Completed
2016-11-13 18:12:36,G000000003,R000003434,Away,8715.92,Completed
2016-11-14 06:16:59,G000000005,R000003433,Home,5710.47,Completed
2016-11-15 05:14:56,G000000001,R000003443,Home,1929.45,Completed
2016-11-16 21:42:44,G000000004,R000003536,Away,2055.71,Completed
2016-11-17 18:07:49,G000000009,R000003461,Home,2565.81,Completed
2016-11-17 21:34:35,G000000001,R000003477,Home,7608.69,Completed
2016-11-19 01:57:02,G000000001,R000003566,Away,6283.38,Completed
2016-11-21 18:11:51,G000000010,R000003486,Home,8964.69,Completed
2016-11-24 20:10:29,G000000004,R000003586,Home,5537.4,Completed
2016-11-25 01:03:41,G000000008,R000003476,Home,7370.22,Completed
2016-11-26 08:01:32,G000000009,R000003597,Away,6337.49,Completed
2016-11-26 11:10:26,G000000007,R000003608,Away,9000.27,Completed
2016-12-05 12:46:51,G000000009,R000003566,Away,5061.67,Completed
2016-12-09 06:13:51,G000000001,R000003663,Home,1779.16,Completed
2016-12-11 10:25:25,G000000009,R000003635,Home,9919.36,Completed
2016-12-11 21:14:49,G000000010,R000003667,Away,812.19,Completed
2016-12-13 02:03:04,G000000006,R000003609,Home,9047.11,Completed
2016-12-15 05:13:07,G000000002,R000003646,Away,8557.77,Completed
2016-12-17 01:38:03,G000000002,R000003707,Away,474.37,Completed
2016-12-23 08:08:08,G000000004,R000003655,Home,4015.51,Completed
2016-12-28 08:03:28,G000000002,R000003649,Away,5062.42,Completed
2016-12-29 05:36:58,G000000003,R000003669,Home,9945.82,Completed
2016-12-30 08:14:05,G000000010,R000003776,Away,1950.48,Completed
2017-01-02 00:38:47,G000000009,R000003723,Away,5588.45,Completed
2017-01-03 02:46:44,G000000005,R000003820,Away,5041.79,Completed
2017-01-07 14:15:58,G000000001,R000003781,Away,4264.64,Completed
2017-01-08 18:09:55,G000000010,R000003801,Home,1276.96,Completed
2017-01-12 06:45:33,G000000010,R000003751,Away,6402.18,Completed
2017-01-12 15:58:28,G000000009,R000003834,Home,3096.7,Completed
2017-01-12 18:46:05,G000000009,R000003837,Home,9893.97,Completed
2017-01-17 11:06:15,G000000005,R000003782,Home,1702.37,Completed
2017-01-19 04:44:47,G000000007,R000003815,Away,6259.04,Completed
2017-01-20 15:38:15,G000000006,R000003827,Home,1937.74,Completed
2017-01-22 04:29:18,G000000003,R000003854,Home,8298.98,Completed
2017-01-23 20:08:19,G000000005,R000003836,Away,3598.14,Completed
2017-01-23 21:00:58,G000000008,R000003827,Home,6932.93,Completed
2017-02-07 09:37:59,G000000002,R000003910,Away,4487.88,Completed
2017-02-07 09:56:08,G000000001,R000003872,Away,4991.93,Completed
2017-02-07 10:28:48,G000000007,R000003991,Home,4642.42,Completed
2017-02-08 03:17:35,G000000010,R000003959,Home,8098.88,Completed
2017-02-11 20:55:41,G000000010,R000003951,Away,4104.46,Completed
2017-02-12 22:50:52,G000000009,R000003970,Away,4909.65,Completed
2017-02-12 23:16:24,G000000004,R000004020,Away,6825.07,Completed
2017-02-13 19:27:22,G000000003,R000004036,Home,7752.19,Completed
2017-02-14 19:33:41,G000000010,R000003971,Home,8722.0,Completed
2017-02-17 17:18:01,G000000004,R000004042,Home,4321.59,Completed
2017-02-18 05:35:35,G000000009,R000004047,Away,413.04,Completed
2017-02-19 21:19:28,G000000007,R000004056,Away,9149.05,Completed
2017-02-21 10:27:51,G000000006,R000004062,Away,2087.95,Completed
2017-02-22 12:41:39,G000000008,R000004005,Away,8884.88,Completed
2017-02-22 14:47:11,G000000002,R000004012,Home,3569.82,Completed
2017-02-27 02:52:48,G000000001,R000003964,Home,4025.92,Completed
2017-02-27 07:35:07,G000000005,R000003954,Away,9409.47,Completed
2017-02-28 17:59:55,G000000001,R000004098,Away,8680.05,Completed
2017-03-01 16:25:00,G000000006,R000004082,Away,1577.85,Completed
2017-03-02 23:54:38,G000000003,R000004074,Away,6645.97,Completed
2017-03-03 23:14:48,G000000005,R000004124,Away,3516.45,Completed
2017-03-04 10:23:25,G000000003,R000004075,Home,6966.01,Completed
2017-03-11 13:08:14,G000000005,R000004111,Home,3203.8,Completed
2017-03-11 18:45:07,G000000004,R000004040,Away,4956.31,Completed
2017-03-13 19:55:52,G000000007,R000004155,Away,8545.54,Completed
2017-03-14 17:35:37,G000000002,R000004187,Home,8721.51,Completed
2017-03-20 03:05:18,G000000009,R000004117,Away,849.94,Completed
2017-03-22 04:43:18,G000000007,R000004168,Away,3554.07,Completed
2017-03-22 11:47:57,G000000003,R000004086,Home,9245.38,Completed
2017-03-26 00:14:17,G000000009,R000004136,Home,734.99,Completed
2017-03-27 14:08:25,G000000005,R000004132,Home,3386.93,Completed
2017-03-27 16:57:16,G000000007,R000004142,Home,237.01,Completed
2017-04-01 14:28:18,G000000007,R000004188,Away,3137.46,Completed
2017-04-02 12:28:41,G000000005,R000004207,Home,4684.26,Completed
2017-04-02 13:39:42,G000000002,R000004221,Home,7373.28,Completed
2017-04-03 14:47:48,G000000001,R000004147,Away,5520.41,Completed
2017-04-06 17:33:58,G000000007,R000004217,Home,751.68,Completed
2017-04-13 00:54:38,G000000001,R000004228,Home,1065.47,Completed
2017-04-15 15:02:17,G000000009,R000004209,Away,3380.13,Completed
2017-05-26 14:50:30,G000000008,R000004244,Away,8761.89,Completed
2017-09-08 05:12:54,G000000009,R000004256,Away,6415.94,Completed
2017-09-18 21:55:08,G000000002,R000004250,Home,9437.75,Completed
2017-09-27 05:38:58,G000000007,R000004281,Away,2826.74,Completed
2017-09-27 21:38:03,G000000003,R000004293,Away,5871.47,Completed
2017-09-29 09:50:43,G000000009,R000004263,Home,5868.22,Completed
2017-09-30 16:55:40,G000000002,R000004259,Home,1553.38,Completed
2017-10-01 04:55:26,G000000007,R000004319,Away,7986.93,Completed
2017-10-02 08:57:34,G000000004,R000004272,Home,446.07,Completed
2017-10-08 18:48:02,G000000005,R000004327,Home,8424.05,Completed
2017-10-10 15:36:35,G000000006,R000004317,Home,318.59,Completed
2017-10-11 17:06:21,G000000001,R000004366,Home,6118.87,Completed
2017-10-14 09:29:20,G000000004,R000004348,Away,5890.91,Completed
2017-10-14 18:36:31,G000000001,R000004332,Home,8455.11,Completed
2017-10-15 19:47:30,G000000005,R000004420,Away,9618.6,Completed
2017-10-17 23:05:58,G000000009,R000004310,Away,8773.28,Completed
2017-10-18 16:23:11,G000000003,R000004379,Home,3967.54,Completed
2017-10-19 22:17:24,G000000001,R000004327,Home,1915.37,Completed
2017-10-21 06:05:11,G000000009,R000004445,Home,7405.48,Completed
2017-10-21 08:20:25,G000000010,R000004399,Home,3931.93,Completed
2017-10-22 09:08:02,G000000007,R000004358,Home,6214.89,Completed
2017-10-28 18:55:10,G000000002,R000004455,Home,1609.12,Completed
2017-10-29 01:45:51,G000000001,R000004345,Home,3227.77,Completed
2017-10-29 21:02:59,G000000005,R000004362,Home,7896.15,Completed
2017-10-31 02:48:02,G000000008,R000004366,Home,6264.79,Completed
2017-10-31 15:07:05,G000000001,R000004396,Away,9312.23,Completed
2017-11-01 20:56:13,G000000010,R000004403,Away,9123.34,Completed
2017-11-02 18:08:04,G000000010,R000004422,Home,8418.79,Completed
2017-11-04 14:52:24,G000000002,R000004402,Away,7431.32,Completed
2017-11-09 06:19:13,G000000003,R000004412,Home,7630.87,Completed
2017-11-11 00:38:08,G000000009,R000004429,Away,9398.0,Completed
2017-11-11 19:35:09,G000000001,R000004540,Home,7818.5,Completed
2017-11-13 13:51:48,G000000009,R000004452,Home,7075.45,Completed
2017-11-16 02:11:16,G000000005,R000004475,Home,2670.07,Completed
2017-11-18 13:40:24,G000000009,R000004548,Away,9082.37,Completed
2017-11-21 21:26:23,G000000004,R000004549,Away,5867.09,Completed
2017-11-23 08:42:41,G000000010,R000004608,Away,9527.58,Completed
2017-11-23 16:06:02,G000000002,R000004541,Away,5888.7,Completed
2017-11-27 05:14:27,G000000008,R000004638,Home,7462.78,Completed
2017-11-28 20:32:14,G000000005,R000004644,Away,7769.95,Completed
2017-11-29 20:07:39,G000000008,R000004517,Home,5078.61,Completed
2017-11-30 01:10:34,G000000005,R000004623,Away,2143.35,Completed
2017-11-30 01:58:51,G000000004,R000004514,Home,3188.14,Completed
2017-11-30 13:17:57,G000000005,R000004602,Home,586.58,Completed
2017-12-01 15:15:33,G000000008,R000004578,Away,4257.35,Completed
2017-12-03 00:05:41,G000000004,R000004589,Away,4545.05,Completed
2017-12-03 06:08:52,G000000009,R000004674,Away,9433.68,Completed
2017-12-04 17:45:14,G000000009,R000004625,Home,4393.86,Completed
2017-12-06 21:08:59,G000000010,R000004649,Home,7559.61,Completed
2017-12-08 20:45:21,G000000003,R000004595,Home,7573.49,Completed
2017-12-10 11:17:11,G000000006,R000004632,Away,5699.92,Completed
2017-12-10 13:43:10,G000000001,R000004622,Away,1247.34,Completed
2017-12-14 14:28:41,G000000010,R000004673,Away,4174.77,Completed
2017-12-19 14:45:31,G000000005,R000004626,Away,1793.83,Completed
2017-12-20 19:52:49,G000000004,R000004617,Away,5293.93,Completed
2017-12-22 22:05:47,G000000008,R000004729,Away,1698.02,Completed
2017-12-25 14:03:23,G000000003,R000004674,Home,521.94,Completed
2017-12-25 16:26:06,G000000007,R000004699,Away,5661.48,Completed
2017-12-27 06:04:48,G000000009,R000004697,Away,3966.11,Completed
2017-12-28 07:55:57,G000000010,R000004785,Away,4250.9,Completed
2017-12-30 04:35:46,G000000003,R000004817,Home,1795.55,Completed
2017-12-31 15:40:38,G000000005,R000004701,Home,1555.72,Completed
2018-01-05 02:38:18,G000000002,R000004807,Away,6478.93,Completed
2018-01-05 22:12:02,G000000008,R000004799,Away,7551.99,Completed
2018-01-08 02:46:47,G000000003,R000004774,Away,3065.36,Completed
2018-01-13 09:53:46,G000000009,R000004857,Away,593.67,Completed
2018-01-16 21:33:34,G000000002,R000004754,Away,3989.25,Completed
2018-01-19 09:06:04,G000000010,R000004784,Home,1617.66,Completed
2018-01-22 22:59:58,G000000009,R000004839,Away,7962.01,Completed
2018-01-26 12:49:04,G000000008,R000004836,Home,7220.27,Completed
2018-01-30 02:18:17,G000000004,R000004942,Away,2417.8,Completed
2018-01-30 15:48:12,G000000010,R000004856,Away,2001.81,Completed
2018-02-02 20:04:39,G000000001,R000004856,Away,6419.03,Completed
2018-02-04 21:23:07,G000000010,R000004979,Home,5176.07,Completed
2018-02-05 14:29:21,G000000002,R000004891,Home,7350.23,Completed
2018-02-07 02:16:49,G000000002,R000004954,Home,9316.61,Completed
2018-02-08 11:02:20,G000000009,R000004987,Home,8501.09,Completed
2018-02-09 06:21:55,G000000003,R000004903,Home,2247.33,Completed
2018-02-10 17:19:58,G000000009,R000004935,Away,4341.58,Completed
2018-02-14 04:17:24,G000000009,R000004937,Home,347.34,Completed
2018-02-15 00:46:45,G000000008,R000005043,Home,320.19,Completed
2018-02-15 12:22:50,G000000003,R000005049,Home,1340.75,Completed
2018-02-17 21:02:00,G000000002,R000004982,Away,9254.98,Completed
2018-02-18 04:34:55,G000000002,R000005017,Away,856.13,Completed
2018-02-18 13:15:34,G000000003,R000004998,Away,17.3,Completed
2018-02-21 09:24:05,G000000008,R000004913,Home,3702.07,Completed
2018-02-21 12:21:58,G000000006,R000004970,Away,544.57,Completed
2018-02-24 11:54:53,G000000001,R000005035,Away,1124.79,Completed
2018-02-27 09:39:05,G000000002,R000005011,Home,1651.22,Completed
2018-03-01 06:40:14,G000000008,R000005021,Home,9560.86,Completed
2018-03-03 03:41:30,G000000003,R000005044,Away,658.34,Completed
2018-03-09 15:57:36,G000000008,R000005071,Away,6792.46,Completed
2018-03-13 01:18:11,G000000008,R000005189,Home,783.25,Completed
2018-03-13 13:39:38,G000000002,R000005113,Home,2046.28,Completed
2018-03-13 18:58:08,G000000009,R000005111,Home,7543.4,Completed
2018-03-21 11:06:59,G000000008,R000005132,Away,112.53,Completed
2018-03-21 23:30:08,G000000003,R000005151,Away,5271.95,Completed
2018-03-23 17:21:58,G000000005,R000005088,Home,6068.87,Completed
2018-03-25 01:40:32,G000000010,R000005144,Away,5394.02,Completed
2018-03-27 21:39:40,G000000001,R000005121,Away,4554.49,Completed
2018-05-29 21:12:47,G000000007,R000005241,Home,4307.69,Completed
2018-09-23 06:37:16,G000000005,R000005263,Away,9871.55,Completed
2018-09-25 00:33:51,G000000002,R000005262,Home,6642.07,Completed
2018-09-29 14:49:16,G000000001,R000005298,Away,7243.48,Completed
2018-10-02 00:02:58,G000000005,R000005304,Home,7968.85,Completed
2018-10-04 04:50:17,G000000003,R000005297,Away,7775.09,Completed
2018-10-04 06:52:51,G000000006,R000005277,Away,4090.29,Completed
2018-10-07 22:24:12,G000000001,R000005300,Away,6291.59,Completed
2018-10-08 23:03:45,G000000009,R000005359,Home,8686.39,Completed
2018-10-12 03:45:50,G000000003,R000005313,Home,1403.95,Completed
2018-10-12 09:27:00,G000000007,R000005296,Away,8008.0,Completed
2018-10-16 13:15:19,G000000006,R000005292,Home,8201.94,Completed
2018-10-17 16:06:26,G000000007,R000005328,Away,3699.71,Completed
2018-10-20 20:44:54,G000000004,R000005308,Away,7465.39,Completed
2018-10-21 07:54:00,G000000010,R000005390,Home,5351.22,Completed
2018-10-21 16:38:43,G000000008,R000005400,Home,3356.41,Completed
2018-10-22 10:21:00,G000000007,R000005405,Away,7721.28,Completed
2018-10-22 11:55:08,G000000006,R000005302,Home,7547.09,Completed
2018-10-22 12:25:19,G000000010,R000005326,Home,5725.93,Completed
2018-10-23 20:17:07,G000000001,R000005423,Away,9546.4,Completed
2018-10-31 03:10:00,G000000005,R000005398,Away,1862.0,Completed
2018-11-04 23:27:22,G000000003,R000005372,Home,3339.96,Completed
2018-11-08 11:32:35,G000000005,R000005498,Home,5015.46,Completed
2018-11-09 10:41:56,G000000003,R000005399,Home,3310.75,Completed
2018-11-09 19:20:09,G000000002,R000005443,Away,6851.57,Completed
2018-11-11 12:29:00,G000000004,R000005524,Home,6857.51,Completed
2018-11-17 18:06:49,G000000010,R000005498,Home,17.26,Completed
2018-11-21 05:01:47,G000000008,R000005434,Away,9259.7,Completed
2018-11-26 20:28:33,G000000007,R000005599,Home,3125.14,Completed
2018-11-27 06:58:41,G000000006,R000005509,Home,8831.26,Completed
2018-11-27 11:15:26,G000000007,R000005498,Away,8269.3,Completed
2018-11-29 18:37:30,G000000009,R000005617,Away,3219.51,Completed
2018-12-01 01:53:11,G000000005,R000005628,Home,8715.87,Completed
2018-12-06 07:19:18,G000000009,R000005604,Away,730.83,Completed
2018-12-12 09:57:39,G000000005,R000005658,Away,4114.15,Completed
2018-12-12 13:07:24,G000000003,R000005609,Away,6816.42,Completed
2018-12-14 06:08:04,G000000007,R000005665,Away,605.74,Completed
2018-12-14 22:03:06,G000000002,R000005586,Away,6193.32,Completed
2018-12-18 05:44:07,G000000001,R000005643,Home,3348.85,Completed
2018-12-21 13:49:12,G000000004,R000005605,Home,3734.07,Completed
2018-12-23 21:54:08,G000000003,R000005625,Home,613.77,Completed
2018-12-25 05:15:09,G000000002,R000005652,Away,1282.15,Completed
2018-12-27 17:53:44,G000000005,R000005691,Away,6848.63,Completed
2018-12-28 08:20:16,G000000007,R000005658,Home,6385.74,Completed
2018-12-30 15:26:59,G000000001,R000005757,Home,3170.09,Completed
2018-12-31 19:03:37,G000000008,R000005721,Away,9356.77,Completed
2019-01-05 01:12:06,G000000007,R000005715,Away,8975.68,Completed
2019-01-05 01:29:56,G000000009,R000005724,Home,5165.71,Completed
2019-01-05 07:37:22,G000000007,R000005780,Away,1117.92,Completed
2019-01-07 04:19:11,G000000003,R000005702,Home,2472.58,Completed
2019-01-08 09:07:10,G000000010,R000005814,Away,269.31,Completed
2019-01-09 16:25:19,G000000006,R000005705,Away,6875.69,Completed
2019-01-12 01:04:41,G000000010,R000005809,Home,641.71,Completed
2019-01-13 21:16:48,G000000010,R000005715,Home,1528.97,Completed
2019-01-16 01:23:39,G000000008,R000005756,Away,4183.01,Completed
2019-01-16 01:55:01,G000000009,R000005753,Home,9601.32,Completed
2019-01-16 12:32:33,G000000003,R000005788,Away,109.9,Completed
2019-01-17 13:50:40,G000000005,R000005800,Home,7465.69,Completed
2019-01-20 09:52:10,G000000008,R000005856,Home,1926.01,Completed
2019-01-20 22:31:17,G000000003,R000005848,Home,6703.7,Completed
2019-01-23 07:16:57,G000000006,R000005877,Away,4284.21,Completed
2019-01-24 01:42:36,G000000008,R000005779,Away,3877.62,Completed
2019-01-26 07:02:47,G000000008,R000005890,Home,2836.94,Completed
2019-02-02 17:55:16,G000000002,R000005862,Away,9949.32,Completed
2019-02-03 11:30:19,G000000007,R000005852,Home,6110.49,Completed
2019-02-05 22:08:12,G000000009,R000005936,Home,9603.8,Completed
2019-02-10 07:41:26,G000000004,R000005896,Away,6550.5,Completed
2019-02-12 00:59:54,G000000008,R000005991,Home,5318.32,Completed
2019-02-13 05:59:46,G000000008,R000005997,Home,6844.57,Completed
2019-02-15 16:11:48,G000000008,R000005927,Away,155.72,Completed
2019-02-16 04:04:19,G000000004,R000005916,Away,978.96,Completed
2019-02-22 14:46:14,G000000005,R000006024,Away,5036.18,Completed
2019-02-28 03:23:12,G000000005,R000006092,Home,5966.28,Completed
2019-02-28 23:45:15,G000000004,R000005936,Home,8940.33,Completed
2019-03-02 06:20:02,G000000001,R000006099,Home,7447.14,Completed
2019-03-02 08:17:47,G000000002,R000005984,Away,276.56,Completed
2019-03-03 08:49:06,G000000003,R000006067,Away,6066.36,Completed
2019-03-05 08:56:23,G000000009,R000006078,Away,3848.0,Completed
2019-03-07 07:36:29,G000000003,R000006090,Away,9662.94,Completed
2019-03-12 19:30:32,G000000010,R000006129,Home,662.72,Completed
2019-03-13 21:17:25,G000000007,R000006082,Home,8027.65,Completed
2019-03-14 13:55:00,G000000003,R000006076,Home,1482.54,Completed
2019-03-16 22:45:33,G000000002,R000006124,Away,4482.26,Completed
2019-03-17 20:20:35,G000000009,R000006019,Away,6962.73,Completed
2019-03-20 18:33:22,G000000006,R000006129,Away,9264.3,Completed
2019-03-24 04:42:13,G000000008,R000006102,Away,618.15,Completed
2019-03-24 05:34:07,G000000009,R000006186,Away,5730.21,Completed
2019-04-03 12:41:03,G000000004,R000006161,Away,2392.65,Completed
2019-04-05 23:02:32,G000000008,R000006142,Away,4703.82,Completed
2019-04-09 07:42:35,G000000002,R000006186,Away,9404.19,Completed
2019-04-12 13:32:02,G000000008,R000006197,Home,2673.41,Completed
2019-04-13 18:27:03,G000000001,R000006186,Away,3166.19,Completed
2019-04-17 05:10:15,G000000005,R000006178,Away,9940.81,Completed
2019-04-20 01:25:15,G000000009,R000006215,Home,5994.1,Completed
2019-04-20 04:33:05,G000000001,R000006215,Home,3045.44,Completed
2019-09-23 19:53:44,G000000004,R000006235,Home,3911.59,Completed
2019-10-10 17:28:41,G000000005,R000006278,Home,859.29,Completed
2019-10-14 01:21:18,G000000001,R000006313,Home,5996.27,Completed
2019-10-14 08:16:07,G000000003,R000006280,Away,3091.39,Completed
2019-10-14 14:19:27,G000000003,R000006352,Away,1337.44,Completed
2019-10-16 18:37:57,G000000006,R000006300,Away,5819.29,Completed
2019-10-17 04:45:13,G000000004,R000006271,Home,8968.35,Completed
2019-10-26 15:29:39,G000000003,R000006255,Away,6979.97,Completed
2019-10-28 19:50:15,G000000002,R000006414,Away,675.51,Completed
2019-11-01 06:21:17,G000000010,R000006345,Home,2298.47,Completed
2019-11-01 22:45:38,G000000004,R000006344,Home,174.8,Completed
2019-11-06 20:28:32,G000000005,R000006386,Home,1447.78,Completed
2019-11-07 06:14:33,G000000001,R000006358,Home,9251.18,Completed
2019-11-08 12:38:43,G000000003,R000006351,Home,7078.59,Completed
2019-11-08 14:32:41,G000000007,R000006367,Away,3440.98,Completed
2019-11-08 19:47:38,G000000007,R000006406,Home,9749.56,Completed
2019-11-08 21:21:30,G000000006,R000006420,Away,8888.63,Completed
2019-11-15 05:32:15,G000000008,R000006492,Away,3114.89,Completed
2019-11-15 23:01:22,G000000010,R000006395,Home,1212.45,Completed
2019-11-22 20:13:33,G000000004,R000006464,Home,9150.8,Completed
2019-11-24 16:05:02,G000000009,R000006530,Away,9119.4,Completed
2019-11-24 16:24:53,G000000004,R000006470,Home,7603.27,Completed
2019-11-25 18:23:06,G000000002,R000006469,Away,5034.3,Completed
2019-11-26 02:15:45,G000000009,R000006451,Away,9263.82,Completed
2019-11-26 18:04:19,G000000001,R000006439,Home,4044.51,Completed
2019-11-29 06:17:46,G000000009,R000006527,Away,8259.13,Completed
2019-12-02 12:19:11,G000000008,R000006525,Away,4832.58,Completed
2019-12-03 05:31:18,G000000010,R000006471,Away,9826.36,Completed
2019-12-04 01:51:00,G000000002,R000006530,Away,7963.06,Completed
2019-12-04 07:57:59,G000000008,R000006536,Home,7898.21,Completed
2019-12-05 12:31:00,G000000008,R000006589,Away,371.51,Completed
2019-12-09 06:50:29,G000000008,R000006495,Home,9781.39,Completed
2019-12-10 08:48:05,G000000010,R000006545,Home,669.77,Completed
2019-12-12 02:59:07,G000000010,R000006512,Home,2862.52,Completed
2019-12-15 12:59:00,G000000008,R000006554,Home,9912.54,Completed
2019-12-17 08:31:35,G000000007,R000006676,Away,2542.89,Completed
2019-12-19 12:49:51,G000000010,R000006603,Away,6835.56,Completed
2019-12-19 12:56:06,G000000010,R000006660,Home,9638.99,Completed
2019-12-19 17:52:04,G000000004,R000006654,Home,4876.13,Completed
2019-12-21 19:30:28,G000000007,R000006703,Home,8690.15,Completed
2019-12-23 15:11:41,G000000005,R000006640,Away,5795.04,Completed
2019-12-24 18:04:58,G000000010,R000006606,Home,8395.44,Completed
2019-12-25 00:41:29,G000000009,R000006699,Home,5318.31,Completed
2019-12-26 20:21:13,G000000003,R000006719,Away,6661.24,Completed
2020-01-02 13:29:23,G000000001,R000006728,Away,4531.84,Completed
2020-01-03 06:27:08,G000000001,R000006722,Home,3818.33,Completed
2020-01-03 12:54:01,G000000006,R000006733,Away,8288.31,Completed
2020-01-03 15:23:14,G000000005,R000006747,Away,5145.78,Completed
2020-01-03 17:23:23,G000000004,R000006698,Home,2309.91,Completed
2020-01-03 20:30:57,G000000001,R000006744,Away,3391.78,Completed
2020-01-04 00:44:04,G000000003,R000006649,Home,6586.14,Completed
2020-01-06 06:44:57,G000000003,R000006644,Home,7158.95,Completed
2020-01-17 02:28:02,G000000007,R000006701,Home,3677.69,Completed
2020-01-19 03:29:44,G000000005,R000006821,Away,7340.0,Completed
2020-01-25 17:43:01,G000000005,R000006732,Away,1238.28,Completed
2020-01-26 17:13:58,G000000007,R000006782,Away,7826.22,Completed
2020-01-31 00:58:21,G000000002,R000006889,Home,7769.35,Completed
2020-01-31 18:56:05,G000000007,R000006796,Away,9156.56,Completed
2020-02-04 09:52:03,G000000005,R000006833,Home,6070.46,Completed
2020-02-06 17:41:08,G000000001,R000006896,Away,3956.6,Completed
2020-02-09 03:41:56,G000000007,R000006866,Home,5809.86,Completed
2020-02-09 06:06:39,G000000006,R000006939,Away,1797.94,Completed
2020-02-11 03:28:41,G000000008,R000006848,Home,9451.25,Completed
2020-02-11 05:33:57,G000000004,R000006878,Home,6562.97,Completed
2020-02-17 02:04:16,G000000009,R000006933,Home,1688.6,Completed
2020-02-19 23:16:56,G000000010,R000006837,Home,1174.39,Completed
2020-02-20 20:33:13,G000000008,R000006866,Home,4272.92,Completed
2020-02-23 04:26:26,G000000010,R000006876,Home,9527.04,Completed
2020-02-24 05:38:40,G000000005,R000006872,Home,9288.87,Completed
2020-02-24 11:38:50,G000000004,R000006865,Away,3573.73,Completed
2020-02-28 20:08:00,G000000009,R000006936,Home,3453.92,Completed
2020-03-03 04:42:22,G000000007,R000006926,Away,8003.7,Completed
2020-07-13 13:29:41,G000000006,R000007003,Away,6367.91,Completed
2020-07-18 03:42:52,G000000002,R000006973,Away,3076.44,Completed
2020-08-04 00:28:27,G000000009,R000006983,Away,3246.75,Completed
2020-08-06 19:23:21,G000000008,R000007012,Away,8123.49,Completed
2020-08-10 12:50:35,G000000004,R000007048,Away,9183.52,Completed
2020-08-12 06:21:12,G000000007,R000007040,Away,8303.67,Completed
2020-08-14 10:30:18,G000000001,R000007030,Away,479.08,Completed
2020-08-23 09:27:43,G000000008,R000007052,Home,9095.01,Completed
2020-08-27 21:10:14,G000000006,R000007058,Away,200.41,Completed
2020-09-18 05:59:04,G000000003,R000007076,Away,3942.24,Completed
2020-11-17 00:33:04,G000000006,R000007099,Home,2596.63,Completed
2020-11-21 01:19:57,G000000008,R000007102,Away,6343.7,Completed
2020-11-22 16:29:09,G000000002,R000007093,Home,8898.13,Completed
2020-11-29 22:19:06,G000000006,R000007129,Away,4166.09,Completed
2020-12-02 14:43:37,G000000004,R000007147,Home,7427.1,Completed
2020-12-04 08:52:52,G000000004,R000007164,Home,6545.45,Completed
2020-12-05 08:33:44,G000000010,R000007142,Home,573.75,Completed
2020-12-06 11:53:44,G000000008,R000007116,Away,3675.22,Completed
2020-12-06 19:31:07,G000000003,R000007086,Away,4223.32,Completed
2020-12-13 13:35:40,G000000009,R000007197,Home,1353.93,Completed
2020-12-14 23:59:02,G000000008,R000007125,Away,3304.92,Completed
2020-12-19 16:54:56,G000000008,R000007143,Away,6123.0,Completed
2020-12-20 00:21:33,G000000009,R000007143,Home,2066.19,Completed
2020-12-21 15:47:51,G000000009,R000007186,Home,8552.3,Completed
2020-12-22 11:47:00,G000000010,R000007120,Home,6419.3,Completed
2020-12-24 14:35:21,G000000005,R000007277,Home,689.91,Completed
2020-12-26 23:42:22,G000000003,R000007297,Home,4558.47,Completed
2020-12-31 04:06:02,G000000010,R000007196,Away,3145.76,Completed
2020-12-31 20:58:42,G000000002,R000007230,Home,1824.63,Completed
2021-01-04 23:15:52,G000000008,R000007218,Away,7631.13,Completed
2021-01-05 02:57:52,G000000009,R000007263,Home,8331.27,Completed
2021-01-06 09:26:00,G000000007,R000007323,Home,1318.87,Completed
2021-01-08 06:05:57,G000000006,R000007268,Home,2411.35,Completed
2021-01-10 17:06:37,G000000002,R000007319,Home,2457.51,Completed
2021-01-11 10:24:33,G000000009,R000007303,Away,6191.67,Completed
2021-01-12 22:31:25,G000000008,R000007371,Away,8012.89,Completed
2021-01-22 09:14:55,G000000002,R000007317,Home,9034.82,Completed
2021-01-26 03:00:16,G000000009,R000007402,Away,5018.97,Completed
2021-01-26 07:57:46,G000000001,R000007372,Home,835.55,Completed
2021-01-27 11:45:22,G000000008,R000007454,Away,1375.83,Completed
2021-01-31 14:31:39,G000000002,R000007414,Away,5709.39,Completed
2021-02-02 16:11:06,G000000009,R000007360,Home,1349.15,Completed
2021-02-03 08:42:37,G000000003,R000007410,Away,4788.42,Completed
2021-02-05 12:19:55,G000000006,R000007464,Away,4189.45,Completed
2021-02-06 07:25:44,G000000004,R000007491,Away,8388.73,Completed
2021-02-06 11:31:29,G000000007,R000007441,Away,599.2,Completed
2021-02-06 13:16:15,G000000009,R000007388,Home,5335.57,Completed
2021-02-06 16:05:18,G000000010,R000007438,Away,9757.04,Completed
2021-02-06 20:49:36,G000000006,R000007457,Home,4953.49,Completed
2021-02-07 14:42:50,G000000001,R000007514,Home,8702.36,Completed
2021-02-09 08:17:37,G000000002,R000007446,Away,4723.62,Completed
2021-02-10 11:49:48,G000000008,R000007461,Home,9121.9,Completed
2021-02-12 23:02:46,G000000001,R000007529,Away,9497.2,Completed
2021-02-13 20:53:21,G000000004,R000007508,Home,9897.86,Completed
2021-02-14 19:11:09,G000000004,R000007535,Home,1293.5,Completed
2021-02-15 07:42:02,G000000005,R000007445,Away,4083.12,Completed
2021-02-18 17:41:27,G000000004,R000007502,Home,1436.33,Completed
2021-02-20 00:21:11,G000000004,R000007546,Away,2120.45,Completed
2021-02-22 14:24:47,G000000002,R000007507,Away,4192.81,Completed
2021-02-22 23:58:28,G000000010,R000007572,Home,6400.83,Completed
2021-02-23 21:22:08,G000000008,R000007478,Away,699.73,Completed
2021-02-26 12:00:16,G000000009,R000007497,Away,5348.64,Completed
2021-02-27 13:28:11,G000000006,R000007588,Home,6677.02,Completed
2021-03-02 03:44:24,G000000007,R000007541,Home,6397.44,Completed
2021-03-06 05:20:45,G000000007,R000007587,Home,7360.48,Completed
2021-03-10 04:22:40,G000000007,R000007544,Home,388.89,Completed
2021-03-12 03:42:19,G000000004,R000007595,Away,8508.35,Completed
2021-03-12 08:44:23,G000000003,R000007682,Home,339.23,Completed
2021-03-12 11:08:55,G000000009,R000007694,Away,62.83,Completed
2021-03-15 22:17:53,G000000009,R000007705,Home,3735.71,Completed
2021-03-16 11:09:40,G000000002,R000007729,Home,4282.14,Completed
2021-03-17 16:17:20,G000000006,R000007600,Away,1520.73,Completed
2021-03-20 16:38:52,G000000001,R000007610,Away,5178.61,Completed
2021-03-25 17:31:51,G000000006,R000007727,Away,5126.04,Completed
2021-03-26 08:22:02,G000000007,R000007638,Away,6783.06,Completed
2021-03-28 19:34:53,G000000010,R000007797,Away,3942.07,Completed
2021-03-29 05:45:17,G000000001,R000007754,Home,9236.35,Completed
2021-03-30 12:18:13,G000000004,R000007703,Away,2461.41,Completed
2021-03-31 13:38:55,G000000005,R000007795,Home,5333.97,Completed
2021-04-01 03:21:53,G000000007,R000007692,Away,5581.37,Completed
2021-04-03 20:25:14,G000000002,R000007744,Away,2847.08,Completed
2021-04-07 09:04:14,G000000006,R000007791,Away,4865.21,Completed
2021-04-07 21:46:01,G000000001,R000007694,Away,9937.78,Completed
2021-04-08 17:23:03,G000000010,R000007858,Away,5482.64,Completed
2021-04-09 18:16:10,G000000010,R000007709,Away,2698.42,Completed
2021-04-12 00:27:13,G000000007,R000007815,Away,5088.52,Completed
2021-04-17 14:41:38,G000000009,R000007808,Away,2819.15,Completed
2021-04-19 17:46:23,G000000004,R000007929,Away,563.24,Completed
2021-04-20 08:29:21,G000000008,R000007770,Away,8779.55,Completed
2021-04-22 02:03:15,G000000009,R000007896,Away,4855.05,Completed
2021-04-25 05:56:45,G000000003,R000007854,Away,9575.46,Completed
2021-04-29 10:51:01,G000000004,R000007879,Home,2407.9,Completed
2021-04-29 18:49:33,G000000010,R000007867,Home,7010.27,Completed
2021-05-04 18:41:24,G000000003,R000007857,Home,503.74,Completed
2021-05-06 17:02:29,G000000009,R000007889,Home,2299.83,Completed
2021-05-08 17:52:56,G000000004,R000007972,Home,3109.86,Completed
2021-05-10 10:43:52,G000000001,R000007938,Away,2645.32,Completed
2021-05-10 17:00:05,G000000003,R000007940,Away,116.65,Completed
2021-06-04 00:04:22,G000000002,R000007993,Home,2529.18,Completed
2021-06-09 16:30:55,G000000010,R000007986,Away,6459.83,Completed
2021-06-26 14:09:20,G000000009,R000007996,Home,6267.0,Completed
2021-09-15 07:29:45,G000000006,R000008002,Away,7880.78,Completed
2021-09-16 02:04:09,G000000002,R000008026,Away,7688.07,Completed
2021-09-21 20:32:29,G000000007,R000008006,Home,3127.66,Completed
2021-09-26 03:19:55,G000000008,R000008046,Home,3178.0,Completed
2021-09-28 09:12:49,G000000007,R000008021,Home,8201.26,Completed
2021-10-02 22:47:10,G000000005,R000008069,Home,6562.39,Completed
2021-10-03 22:03:46,G000000005,R000008003,Home,1425.39,Completed
2021-10-04 01:17:56,G000000010,R000008068,Home,6449.55,Completed
2021-10-04 10:37:53,G000000007,R000008122,Away,3687.0,Completed
2021-10-06 00:46:57,G000000007,R000008067,Away,1264.41,Completed
2021-10-06 14:01:53,G000000008,R000008101,Home,394.56,Completed
2021-10-08 05:07:15,G000000006,R000008077,Home,6557.92,Completed
2021-10-08 08:03:51,G000000002,R000008025,Away,8989.99,Completed
2021-10-14 06:55:43,G000000008,R000008083,Home,9379.47,Completed
2021-10-16 05:41:08,G000000006,R000008161,Home,5248.51,Completed
2021-10-17 17:20:03,G000000002,R000008186,Away,1262.02,Completed
2021-10-22 01:42:37,G000000005,R000008134,Home,3737.63,Completed
2021-10-28 03:08:29,G000000006,R000008227,Home,2561.96,Completed
2021-10-29 20:15:24,G000000008,R000008176,Home,3514.42,Completed
2021-10-30 19:38:17,G000000005,R000008229,Home,9198.0,Completed
2021-10-31 00:19:23,G000000005,R000008137,Home,9771.19,Completed
2021-11-04 04:02:03,G000000007,R000008254,Away,5314.26,Completed
2021-11-04 10:42:03,G000000001,R000008169,Home,4322.92,Completed
2021-11-07 09:43:52,G000000006,R000008245,Home,898.31,Completed
2021-11-08 21:13:23,G000000010,R000008274,Home,6280.43,Completed
2021-11-09 18:17:50,G000000002,R000008227,Away,3681.31,Completed
2021-11-10 06:31:17,G000000006,R000008282,Away,9512.07,Completed
2021-11-11 19:11:31,G000000010,R000008195,Away,9808.32,Completed
2021-11-13 03:24:32,G000000006,R000008316,Home,4612.89,Completed
2021-11-14 06:23:42,G000000001,R000008206,Home,8458.74,Completed
2021-11-16 04:16:01,G000000005,R000008223,Away,5336.92,Completed
2021-11-17 06:07:13,G000000002,R000008335,Home,4052.95,Completed
2021-11-19 09:04:23,G000000009,R000008359,Home,4883.76,Completed
2021-11-20 19:55:09,G000000010,R000008273,Away,5489.34,Completed
2021-11-20 21:28:02,G000000006,R000008312,Away,4558.8,Completed
2021-11-22 20:08:31,G000000008,R000008337,Away,5848.89,Completed
2021-11-25 14:45:47,G000000009,R000008349,Away,4444.62,Completed
2021-12-01 03:06:44,G000000009,R000008301,Away,8536.52,Completed
2021-12-06 02:02:26,G000000002,R000008311,Away,3075.78,Completed
2021-12-10 15:27:51,G000000001,R000008407,Home,3786.71,Completed
2021-12-12 19:25:39,G000000009,R000008449,Home,2064.7,Completed
2021-12-12 21:15:51,G000000005,R000008443,Home,2314.47,Completed
2021-12-13 17:05:15,G000000010,R000008460,Home,4880.85,Completed
2021-12-13 21:37:51,G000000009,R000008466,Away,6319.47,Completed
2021-12-16 09:13:14,G000000009,R000008479,Away,184.93,Completed
2021-12-17 19:10:16,G000000008,R000008440,Home,9774.25,Completed
2021-12-19 09:56:02,G000000010,R000008494,Home,9419.44,Completed
2021-12-25 00:59:24,G000000006,R000008518,Home,4145.46,Completed
2021-12-26 18:00:48,G000000006,R000008405,Away,7579.56,Completed
2021-12-27 01:34:54,G000000008,R000008442,Home,8078.2,Completed
2021-12-29 11:03:40,G000000001,R000008416,Away,7420.41,Completed
2021-12-29 12:11:57,G000000004,R000008423,Home,5813.51,Completed
2021-12-29 18:40:31,G000000006,R000008413,Away,8797.43,Completed
2021-12-30 00:01:42,G000000007,R000008498,Home,6107.26,Completed
2021-12-30 00:44:41,G000000005,R000008514,Home,5263.86,Completed
2022-01-02 14:09:50,G000000007,R000008455,Away,4909.23,Completed
2022-01-03 04:35:06,G000000001,R000008582,Home,2995.58,Completed
2022-01-03 22:22:04,G000000009,R000008586,Away,8580.03,Completed
2022-01-06 01:47:09,G000000010,R000008545,Home,3238.86,Completed
2022-01-06 07:04:58,G000000008,R000008506,Away,2249.84,Completed
2022-01-14 18:04:07,G000000001,R000008552,Away,8139.51,Completed
2022-01-17 15:34:02,G000000001,R000008658,Home,3684.9,Completed
2022-01-17 21:58:08,G000000008,R000008545,Away,4234.78,Completed
2022-01-18 16:49:54,G000000001,R000008542,Home,148.41,Completed
2022-01-19 09:43:54,G000000005,R000008583,Away,1792.55,Completed
2022-01-28 01:10:43,G000000010,R000008685,Away,8945.79,Completed
2022-01-28 17:26:47,G000000010,R000008651,Home,3447.85,Completed
2022-01-29 01:15:57,G000000006,R000008581,Away,5203.17,Completed
2022-02-01 14:39:31,G000000006,R000008661,Home,1528.03,Completed
2022-02-05 16:55:14,G000000001,R000008732,Home,9381.76,Completed
2022-02-15 18:59:32,G000000003,R000008728,Home,9740.76,Completed
2022-02-16 15:19:31,G000000010,R000008733,Home,7696.44,Completed
2022-02-17 21:17:19,G000000001,R000008703,Home,8833.35,Completed
2022-02-19 14:33:50,G000000002,R000008763,Home,7986.02,Completed
2022-02-20 01:39:28,G000000005,R000008740,Away,6705.99,Completed
2022-02-21 16:47:00,G000000001,R000008777,Away,3283.65,Completed
2022-02-23 06:59:36,G000000007,R000008814,Away,1647.82,Completed
2022-02-25 13:04:44,G000000005,R000008830,Home,8088.67,Completed
2022-02-26 23:34:47,G000000008,R000008842,Home,1168.93,Completed
2022-02-26 23:42:17,G000000003,R000008716,Home,2827.0,Completed
2022-03-02 03:34:02,G000000007,R000008759,Away,3360.35,Completed
2022-03-02 05:16:46,G000000003,R000008878,Away,3211.26,Completed
2022-03-02 20:22:32,G000000001,R000008831,Away,7840.29,Completed
2022-03-03 06:22:19,G000000001,R000008791,Away,689.97,Completed
2022-03-03 08:47:09,G000000002,R000008854,Home,4008.09,Completed
2022-03-04 02:42:19,G000000001,R000008860,Away,8798.51,Completed
2022-03-05 00:05:57,G000000002,R000008739,Home,7564.63,Completed
2022-03-07 01:13:41,G000000010,R000008774,Home,4518.16,Completed
2022-03-07 10:24:31,G000000008,R000008783,Home,8231.91,Completed
2022-03-07 12:55:59,G000000007,R000008747,Away,2832.69,Completed
2022-03-09 04:00:24,G000000003,R000008798,Away,7651.68,Completed
2022-03-10 10:46:55,G000000009,R000008863,Home,3076.79,Completed
2022-03-12 02:12:09,G000000003,R000008796,Away,3452.64,Completed
2022-03-13 04:34:11,G000000004,R000008787,Home,8313.7,Completed
2022-03-14 15:16:13,G000000004,R000008796,Home,7482.58,Completed
2022-03-16 11:20:44,G000000006,R000008881,Away,6265.44,Completed
2022-03-16 17:33:22,G000000009,R000008818,Home,8372.93,Completed
2022-03-25 03:43:06,G000000007,R000008916,Away,4939.47,Completed
2022-03-25 07:25:15,G000000009,R000008856,Home,4118.81,Completed
2022-03-30 05:12:57,G000000010,R000008940,Away,6034.2,Completed
2022-04-01 13:53:27,G000000007,R000008921,Away,2541.07,Completed
2022-04-04 14:23:56,G000000008,R000008917,Away,7109.89,Completed
2022-04-05 08:14:05,G000000002,R000008941,Home,261.59,Completed
2022-04-09 06:19:55,G000000008,R000008959,Home,1862.51,Completed
2022-04-24 05:35:47,G000000003,R000008981,Home,6013.86,Completed
2022-04-26 05:45:22,G000000008,R000008972,Home,4259.86,Completed
2022-04-27 02:43:00,G000000008,R000008983,Away,2557.07,Completed
2022-05-07 15:57:26,G000000007,R000008987,Away,2337.94,Completed
2022-05-24 23:06:01,G000000009,R000008990,Home,6076.01,Completed
2022-09-06 22:36:34,G000000004,R000009000,Away,1627.39,Completed
2022-09-13 06:13:30,G000000007,R000009004,Home,4899.97,Completed
2022-09-18 13:53:33,G000000010,R000009013,Home,5521.44,Completed
2022-09-25 22:48:28,G000000003,R000009088,Away,5663.73,Completed
2022-09-27 21:38:45,G000000004,R000009034,Home,4228.07,Completed
2022-10-02 05:36:25,G000000008,R000009074,Away,7828.3,Completed
2022-10-02 13:25:21,G000000008,R000009065,Home,3388.68,Completed
2022-10-03 15:57:55,G000000004,R000009048,Home,2125.6,Completed
2022-10-05 11:46:38,G000000010,R000009078,Home,3527.34,Completed
2022-10-07 15:01:18,G000000002,R000009064,Away,6634.39,Completed
2022-10-09 04:10:41,G000000001,R000009114,Away,4003.36,Completed
2022-10-12 05:39:43,G000000009,R000009047,Home,7388.89,Completed
2022-10-12 13:07:51,G000000010,R000009149,Home,800.15,Completed
2022-10-16 01:31:19,G000000007,R000009154,Home,2931.09,Completed
2022-10-16 13:28:49,G000000008,R000009070,Home,17.47,Completed
2022-10-17 23:13:03,G000000009,R000009100,Away,3487.23,Completed
2022-10-18 17:49:51,G000000005,R000009052,Away,887.94,Completed
2022-10-29 06:28:55,G000000001,R000009202,Away,4442.67,Completed
2022-10-29 15:38:17,G000000001,R000009208,Away,6660.9,Completed
2022-10-29 18:39:18,G000000004,R000009187,Home,4300.56,Completed
2022-10-30 12:23:38,G000000003,R000009187,Away,3022.86,Completed
2022-10-30 22:03:03,G000000002,R000009205,Away,6184.26,Completed
2022-11-02 06:03:24,G000000010,R000009244,Away,1762.56,Completed
2022-11-06 15:22:14,G000000001,R000009157,Away,7005.29,Completed
2022-11-06 16:09:01,G000000007,R000009216,Away,2789.06,Completed
2022-11-07 10:13:40,G000000002,R000009298,Home,2027.04,Completed
2022-11-08 03:25:48,G000000010,R000009245,Away,3841.54,Completed
2022-11-12 04:40:52,G000000005,R000009310,Home,8934.35,Completed
2022-11-12 09:16:19,G000000001,R000009229,Home,743.41,Completed
2022-11-15 08:56:00,G000000008,R000009283,Home,5564.16,Completed
2022-11-19 12:01:18,G000000009,R000009282,Home,3315.96,Completed
2022-11-19 14:30:26,G000000003,R000009288,Away,8921.59,Completed
2022-11-22 17:09:10,G000000005,R000009287,Home,6860.55,Completed
2022-11-22 23:53:36,G000000007,R000009312,Away,1700.72,Completed
2022-11-23 02:56:38,G000000010,R000009317,Home,3999.44,Completed
2022-11-25 20:25:24,G000000002,R000009303,Away,2012.14,Completed
2022-11-25 22:24:05,G000000003,R000009278,Home,9868.74,Completed
2022-11-27 18:48:25,G000000003,R000009252,Home,5186.4,Completed
2022-11-28 03:33:32,G000000005,R000009290,Away,4691.16,Completed
2022-11-29 04:35:34,G000000004,R000009353,Away,8754.46,Completed
2022-11-29 22:30:48,G000000005,R000009308,Home,1591.17,Completed
2022-12-01 02:50:39,G000000007,R000009388,Away,2922.97,Completed
2022-12-01 21:55:38,G000000002,R000009415,Home,8672.91,Completed
2022-12-03 04:44:06,G000000008,R000009391,Home,4623.85,Completed
2022-12-07 13:17:41,G000000008,R000009383,Away,7977.68,Completed
2022-12-09 00:34:51,G000000008,R000009434,Home,1.4,Completed
2022-12-09 21:24:16,G000000009,R000009385,Away,4455.4,Completed
2022-12-09 21:24:58,G000000005,R000009475,Away,7416.53,Completed
2022-12-09 22:39:01,G000000005,R000009359,Away,3424.69,Completed
2022-12-11 23:21:41,G000000002,R000009446,Home,6930.11,Completed
2022-12-12 06:47:52,G000000010,R000009379,Away,2016.65,Completed
2022-12-12 10:08:28,G000000009,R000009384,Away,3547.31,Completed
2022-12-12 14:48:30,G000000007,R000009446,Home,8064.4,Completed
2022-12-12 23:39:45,G000000008,R000009495,Home,7320.55,Completed
2022-12-13 14:29:44,G000000009,R000009370,Away,4350.11,Completed
2022-12-16 11:21:18,G000000007,R000009374,Home,522.92,Completed
2022-12-17 22:03:31,G000000002,R000009457,Home,2421.4,Completed
2022-12-20 00:38:17,G000000004,R000009541,Away,53.47,Completed
2022-12-20 04:45:33,G000000001,R000009453,Away,7898.66,Completed
2022-12-20 20:53:07,G000000006,R000009380,Away,2804.05,Completed
2022-12-21 01:43:51,G000000003,R000009531,Home,6550.75,Completed
2022-12-21 06:46:01,G000000004,R000009392,Home,2736.19,Completed
2022-12-23 18:04:06,G000000005,R000009475,Home,7846.61,Completed
2022-12-25 16:23:13,G000000006,R000009574,Away,2492.07,Completed
2022-12-27 08:47:27,G000000005,R000009535,Away,1858.11,Completed
2023-01-01 09:36:51,G000000004,R000009575,Home,8872.61,Completed
2023-01-04 03:21:36,G000000006,R000009582,Home,9372.13,Completed
2023-01-05 01:13:14,G000000003,R000009534,Away,9886.53,Completed
2023-01-05 10:49:30,G000000008,R000009478,Away,1594.58,Completed
2023-01-07 05:53:22,G000000001,R000009520,Home,9540.67,Completed
2023-01-07 15:56:39,G000000009,R000009528,Away,1663.86,Completed
2023-01-07 16:31:48,G000000002,R000009481,Away,6873.24,Completed
2023-01-09 20:48:57,G000000003,R000009647,Home,7831.68,Completed
2023-01-10 22:33:27,G000000008,R000009536,Home,3890.46,Completed
2023-01-11 20:27:23,G000000003,R000009620,Away,8602.13,Completed
2023-01-12 14:07:28,G000000004,R000009591,Home,8759.99,Completed
2023-01-15 00:33:21,G000000002,R000009573,Home,8799.89,Completed
2023-01-18 02:04:30,G000000010,R000009626,Away,7810.67,Completed
2023-01-22 19:59:53,G000000008,R000009577,Away,5827.29,Completed
2023-01-23 10:55:01,G000000003,R000009578,Away,7801.32,Completed
2023-01-26 15:47:24,G000000009,R000009674,Home,8751.07,Completed
2023-01-27 20:53:23,G000000007,R000009654,Home,4854.14,Completed
2023-02-01 03:37:06,G000000005,R000009698,Away,5721.49,Completed
2023-02-02 00:30:32,G000000010,R000009728,Home,5139.69,Completed
2023-02-05 08:09:16,G000000006,R000009685,Home,6832.71,Completed
2023-02-08 19:24:59,G000000005,R000009697,Home,7731.65,Completed
2023-02-23 07:11:21,G000000006,R000009825,Home,1809.83,Completed
2023-02-27 06:24:14,G000000010,R000009839,Home,4479.54,Completed
2023-03-02 07:15:01,G000000002,R000009824,Home,5956.02,Completed
2023-03-02 08:23:45,G000000008,R000009856,Away,2222.32,Completed
2023-03-03 00:37:16,G000000003,R000009840,Home,221.89,Completed
2023-03-03 12:05:50,G000000002,R000009871,Home,8589.84,Completed
2023-03-03 17:20:27,G000000001,R000009803,Home,6809.23,Completed
2023-03-05 21:10:16,G000000010,R000009792,Away,8456.51,Completed
2023-03-05 22:26:27,G000000007,R000009880,Home,6624.68,Completed
2023-03-07 09:32:05,G000000009,R000009880,Home,2398.35,Completed
2023-03-10 12:30:04,G000000002,R000009843,Home,4151.79,Completed
2023-03-16 04:33:43,G000000008,R000009821,Away,5532.21,Completed
2023-03-19 10:08:53,G000000002,R000009900,Home,4139.02,Completed
2023-03-19 22:47:43,G000000001,R000009871,Away,3584.55,Completed
2023-03-25 23:20:52,G000000001,R000009916,Away,2745.42,Completed
2023-03-28 22:59:12,G000000001,R000009899,Home,761.61,Completed
2023-03-31 09:40:04,G000000007,R000009913,Home,7011.75,Completed
2023-03-31 11:38:24,G000000002,R000009971,Away,463.19,Completed
2023-04-04 01:27:12,G000000004,R000009954,Away,9196.47,Completed
2023-04-12 09:14:13,G000000003,R000009956,Away,6897.77,Completed
2023-04-24 11:13:42,G000000010,R000009983,Home,1994.48,Completed
2023-04-26 07:35:40,G000000001,R000009981,Home,7544.65,Completed
2023-04-27 18:18:22,G000000008,R000009979,Away,6117.14,Completed
2023-05-07 10:35:10,G000000003,R000009995,Home,230.9,Completed
2023-05-12 19:16:52,G000000005,R000009994,Away,5173.65,Completed
2023-05-15 02:24:57,G000000009,R000009994,Home,8163.2,Completed
